{
  "$schema": "http://json-schema.org/draft-03/schema",
  "required": false,
  "type": "object",
  "properties": {
    "url": {
      "required": false,
      "type": "string"
    },
    "html_url": {
      "required": false,
      "type": "string"
    },
    "permalink_url": {
      "required": false,
      "type": "string"
    },
    "diff_url": {
      "required": false,
      "type": "string"
    },
    "patch_url": {
      "required": false,
      "type": "string"
    },
    "base_commit": {
      "required": false,
      "type": "object",
      "properties": {
        "url": {
          "required": false,
          "type": "string"
        },
        "sha": {
          "required": false,
          "type": "string"
        },
        "commit": {
          "required": false,
          "type": "object",
          "properties": {
            "url": {
              "required": false,
              "type": "string"
            },
            "author": {
              "required": false,
              "type": "object",
              "properties": {
                "name": {
                  "required": false,
                  "type": "string"
                },
                "email": {
                  "required": false,
                  "type": "string"
                },
                "date": {
                  "required": false,
                  "type": "string"
                }
              }
            },
            "committer": {
              "required": false,
              "type": "object",
              "properties": {
                "name": {
                  "required": false,
                  "type": "string"
                },
                "email": {
                  "required": false,
                  "type": "string"
                },
                "date": {
                  "required": false,
                  "type": "string"
                }
              }
            },
            "message": {
              "required": false,
              "type": "string"
            },
            "tree": {
              "required": false,
              "type": "object",
              "properties": {
                "url": {
                  "required": false,
                  "type": "string"
                },
                "sha": {
                  "required": false,
                  "type": "string"
                }
              }
            }
          }
        },
        "author": {
          "required": false,
          "type": "object",
          "properties": {
            "login": {
              "required": false,
              "type": "string"
            },
            "id": {
              "required": false,
              "type": "integer"
            },
            "avatar_url": {
              "required": false,
              "type": "string"
            },
            "gravatar_id": {
              "required": false,
              "type": "string"
            },
            "url": {
              "required": false,
              "type": "string"
            },
            "html_url": {
              "required": false,
              "type": "string"
            },
            "followers_url": {
              "required": false,
              "type": "string"
            },
            "following_url": {
              "required": false,
              "type": "string"
            },
            "gists_url": {
              "required": false,
              "type": "string"
            },
            "starred_url": {
              "required": false,
              "type": "string"
            },
            "subscriptions_url": {
              "required": false,
              "type": "string"
            },
            "organizations_url": {
              "required": false,
              "type": "string"
            },
            "repos_url": {
              "required": false,
              "type": "string"
            },
            "events_url": {
              "required": false,
              "type": "string"
            },
            "received_events_url": {
              "required": false,
              "type": "string"
            },
            "type": {
              "required": false,
              "type": "string"
            },
            "site_admin": {
              "required": false,
              "type": "boolean"
            }
          }
        },
        "committer": {
          "required": false,
          "type": "object",
          "properties": {
            "login": {
              "required": false,
              "type": "string"
            },
            "id": {
              "required": false,
              "type": "integer"
            },
            "avatar_url": {
              "required": false,
              "type": "string"
            },
            "gravatar_id": {
              "required": false,
              "type": "string"
            },
            "url": {
              "required": false,
              "type": "string"
            },
            "html_url": {
              "required": false,
              "type": "string"
            },
            "followers_url": {
              "required": false,
              "type": "string"
            },
            "following_url": {
              "required": false,
              "type": "string"
            },
            "gists_url": {
              "required": false,
              "type": "string"
            },
            "starred_url": {
              "required": false,
              "type": "string"
            },
            "subscriptions_url": {
              "required": false,
              "type": "string"
            },
            "organizations_url": {
              "required": false,
              "type": "string"
            },
            "repos_url": {
              "required": false,
              "type": "string"
            },
            "events_url": {
              "required": false,
              "type": "string"
            },
            "received_events_url": {
              "required": false,
              "type": "string"
            },
            "type": {
              "required": false,
              "type": "string"
            },
            "site_admin": {
              "required": false,
              "type": "boolean"
            }
          }
        },
        "parents": {
          "required": false,
          "type": "array",
          "items": {
            "required": false,
            "type": "object",
            "properties": {
              "sha": {
                "required": false,
                "type": "string"
              },
              "url": {
                "required": false,
                "type": "string"
              }
            }
          }
        }
      }
    },
    "status": {
      "required": false,
      "type": "string"
    },
    "ahead_by": {
      "required": false,
      "type": "integer"
    },
    "behind_by": {
      "required": false,
      "type": "integer"
    },
    "total_commits": {
      "required": false,
      "type": "integer"
    },
    "commits": {
      "required": false,
      "type": "array",
      "items": {
        "required": false,
        "type": "object",
        "properties": {
          "author": {
            "required": false,
            "type": "object",
            "properties": {
              "login": {
                "required": false,
                "type": "string"
              },
              "id": {
                "required": false,
                "type": "integer"
              },
              "avatar_url": {
                "required": false,
                "type": "string"
              },
              "gravatar_id": {
                "required": false,
                "type": "string"
              },
              "url": {
                "required": false,
                "type": "string"
              },
              "html_url": {
                "required": false,
                "type": "string"
              },
              "followers_url": {
                "required": false,
                "type": "string"
              },
              "following_url": {
                "required": false,
                "type": "string"
              },
              "gists_url": {
                "required": false,
                "type": "string"
              },
              "starred_url": {
                "required": false,
                "type": "string"
              },
              "subscriptions_url": {
                "required": false,
                "type": "string"
              },
              "organizations_url": {
                "required": false,
                "type": "string"
              },
              "repos_url": {
                "required": false,
                "type": "string"
              },
              "events_url": {
                "required": false,
                "type": "string"
              },
              "received_events_url": {
                "required": false,
                "type": "string"
              },
              "type": {
                "required": false,
                "type": "string"
              },
              "site_admin": {
                "required": false,
                "type": "boolean"
              }
            }
          },
          "commit": {
            "required": false,
            "type": "object",
            "properties": {
              "url": {
                "required": false,
                "type": "string"
              },
              "author": {
                "required": false,
                "type": "object",
                "properties": {
                  "name": {
                    "required": false,
                    "type": "string"
                  },
                  "email": {
                    "required": false,
                    "type": "string"
                  },
                  "date": {
                    "required": false,
                    "type": "string"
                  }
                }
              },
              "committer": {
                "required": false,
                "type": "object",
                "properties": {
                  "name": {
                    "required": false,
                    "type": "string"
                  },
                  "email": {
                    "required": false,
                    "type": "string"
                  },
                  "date": {
                    "required": false,
                    "type": "string"
                  }
                }
              },
              "message": {
                "required": false,
                "type": "string"
              },
              "tree": {
                "required": false,
                "type": "object",
                "properties": {
                  "url": {
                    "required": false,
                    "type": "string"
                  },
                  "sha": {
                    "required": false,
                    "type": "string"
                  }
                }
              }
            }
          },
          "committer": {
            "required": false,
            "type": "object",
            "properties": {
              "login": {
                "required": false,
                "type": "string"
              },
              "id": {
                "required": false,
                "type": "integer"
              },
              "avatar_url": {
                "required": false,
                "type": "string"
              },
              "gravatar_id": {
                "required": false,
                "type": "string"
              },
              "url": {
                "required": false,
                "type": "string"
              },
              "html_url": {
                "required": false,
                "type": "string"
              },
              "followers_url": {
                "required": false,
                "type": "string"
              },
              "following_url": {
                "required": false,
                "type": "string"
              },
              "gists_url": {
                "required": false,
                "type": "string"
              },
              "starred_url": {
                "required": false,
                "type": "string"
              },
              "subscriptions_url": {
                "required": false,
                "type": "string"
              },
              "organizations_url": {
                "required": false,
                "type": "string"
              },
              "repos_url": {
                "required": false,
                "type": "string"
              },
              "events_url": {
                "required": false,
                "type": "string"
              },
              "received_events_url": {
                "required": false,
                "type": "string"
              },
              "type": {
                "required": false,
                "type": "string"
              },
              "site_admin": {
                "required": false,
                "type": "boolean"
              }
            }
          },
          "parents": {
            "required": false,
            "type": "array",
            "items": {
              "required": false,
              "type": "object",
              "properties": {
                "sha": {
                  "required": false,
                  "type": "string"
                },
                "url": {
                  "required": false,
                  "type": "string"
                }
              }
            }
          },
          "sha": {
            "required": false,
            "type": "string"
          },
          "url": {
            "required": false,
            "type": "string"
          }
        }
      }
    },
    "files": {
      "required": false,
      "type": "array",
      "items": {
        "required": false,
        "type": "object",
        "properties": {
          "additions": {
            "required": false,
            "type": "integer"
          },
          "blob_url": {
            "required": false,
            "type": "string"
          },
          "changes": {
            "required": false,
            "type": "integer"
          },
          "contents_url": {
            "required": false,
            "type": "string"
          },
          "deletions": {
            "required": false,
            "type": "integer"
          },
          "filename": {
            "required": false,
            "type": "string"
          },
          "patch": {
            "required": false,
            "type": "string"
          },
          "raw_url": {
            "required": false,
            "type": "string"
          },
          "sha": {
            "required": false,
            "type": "string"
          },
          "status": {
            "required": false,
            "type": "string"
          }
        }
      }
    }
  }
}