{
  "required" : true ,
  "$schema" : "http://json-schema.org/draft-03/schema" ,
  "type" : "object" ,
  "properties" : {
    "message" : {
      "type" : "string" ,
      "required" : false
    } ,
    "committer" : {
      "type" : "object" ,
      "required" : false ,
      "properties" : {
        "name" : {
          "type" : "string" ,
          "required" : false
        } ,
        "email" : {
          "type" : "string" ,
          "required" : false
        }
      }
    } ,
    "content" : {
      "type" : "string" ,
      "required" : false
    }
  }
}