{
  "$schema" : "http://json-schema.org/draft-03/schema" ,
  "type" : "object" ,
  "properties" : {
    "content" : {
      "type" : "string"
    } ,
    "commit" : {
      "properties" : {
        "sha" : {
          "type" : "string"
        } ,
        "url" : {
          "type" : "string"
        } ,
        "html_url" : {
          "type" : "string"
        } ,
        "author" : {
          "properties" : {
            "date" : {
              "type" : "string"
            } ,
            "name" : {
              "type" : "string"
            } ,
            "email" : {
              "type" : "string"
            }
          } ,
          "type" : "object"
        } ,
        "committer" : {
          "date" : {
            "type" : "string"
          } ,
          "name" : {
            "type" : "string"
          } ,
          "email" : {
            "type" : "string"
          }
        } ,
        "message" : {
          "type" : "string"
        } ,
        "tree" : {
          "properties" : {
            "url" : {
              "type" : "string"
            } ,
            "sha" : {
              "type" : "string"
            }
          } ,
          "type" : "object"
        } ,
        "parents" : {
          "properties" : {
            "url" : {
              "type" : "string"
            } ,
            "html_url" : {
              "type" : "string"
            } ,
            "sha" : {
              "type" : "string"
            }
          } ,
          "type" : "object"
        }
      } ,
      "type" : "object"
    }
  }
}