{
  "$schema": "http://json-schema.org/draft-03/schema",
  "required": false,
  "type": "object",
  "properties": {
    "id": {
      "required": false,
      "type": "integer"
    },
    "sha": {
      "required": false,
      "type": "string"
    },
    "url": {
      "required": false,
      "type": "string"
    },
    "creator": {
      "required": false,
      "type": "object",
      "properties": {
        "login": {
          "required": false,
          "type": "string"
        },
        "id": {
          "required": false,
          "type": "integer"
        },
        "avatar_url": {
          "required": false,
          "type": "string"
        },
        "gravatar_id": {
          "required": false,
          "type": "string"
        },
        "url": {
          "required": false,
          "type": "string"
        },
        "html_url": {
          "required": false,
          "type": "string"
        },
        "followers_url": {
          "required": false,
          "type": "string"
        },
        "following_url": {
          "required": false,
          "type": "string"
        },
        "gists_url": {
          "required": false,
          "type": "string"
        },
        "starred_url": {
          "required": false,
          "type": "string"
        },
        "subscriptions_url": {
          "required": false,
          "type": "string"
        },
        "organizations_url": {
          "required": false,
          "type": "string"
        },
        "repos_url": {
          "required": false,
          "type": "string"
        },
        "events_url": {
          "required": false,
          "type": "string"
        },
        "received_events_url": {
          "required": false,
          "type": "string"
        },
        "type": {
          "required": false,
          "type": "string"
        },
        "site_admin": {
          "required": false,
          "type": "boolean"
        }
      }
    },
    "payload": {
      "required": false,
      "type": "string"
    },
    "created_at": {
      "required": false,
      "type": "string"
    },
    "updated_at": {
      "required": false,
      "type": "string"
    },
    "description": {
      "required": false,
      "type": "string"
    },
    "statuses_url": {
      "required": false,
      "type": "string"
    }
  }
}