{
  "required" : true ,
  "$schema" : "http://json-schema.org/draft-03/schema" ,
  "type" : "object" ,
  "properties" : {
    "ref" : {
      "type" : "string" ,
      "required" : false
    } ,
    "payload" : {
      "type" : "object" ,
      "required" : false ,
      "properties" : {
        "environment" : {
          "type" : "string" ,
          "required" : false
        } ,
        "deploy_user" : {
          "type" : "string" ,
          "required" : false
        } ,
        "room_id" : {
          "type" : "number" ,
          "required" : false
        }
      }
    } ,
    "description" : {
      "type" : "string" ,
      "required" : false
    }
  }
}