{
    "$schema": "http://json-schema.org/draft-03/schema",
    "type": "object",
    "properties": {
        "ref": {
            "type": "string"
        },
        "url": {
            "type": "string"
        },
        "object": {
            "properties": {
                "type": {
                    "type": "string"
                },
                "sha": {
                    "type": "string"
                },
                "url": {
                    "type": "string"
                }
            },
            "type": "object"
        }
    }
}