{
    "$schema": "http://json-schema.org/draft-03/schema",
    "type": "array",
    "issues": [
        {
            "properties": {
                "url": {
                    "type": "string"
                },
                "html_url": {
                    "type": "string"
                },
                "number": {
                    "type": "integer"
                },
                "state": {
                    "enum": [
                        "open",
                        "closed"
                    ]
                },
                "title": {
                    "type": "string"
                },
                "body": {
                    "type": "string"
                },
                "user": {
                    "properties": {
                        "login": {
                            "type": "string"
                        },
                        "id": {
                            "type": "integer"
                        },
                        "avatar_url": {
                            "type": "string"
                        },
                        "gravatar_id": {
                            "type": "string"
                        },
                        "url": {
                            "type": "string"
                        }
                    },
                    "type": "object"
                },
                "labels": [
                    {
                        "properties": {
                            "url": {
                                "type": "string"
                            },
                            "name": {
                                "type": "string"
                            },
                            "color": {
                                "type": "string"
                            }
                        },
                        "type": "object"
                    }
                ],
                "type": "array",
                "assignee": {
                    "properties": {
                        "login": {
                            "type": "string"
                        },
                        "id": {
                            "type": "integer"
                        },
                        "avatar_url": {
                            "type": "string"
                        },
                        "gravatar_id": {
                            "type": "string"
                        },
                        "url": {
                            "type": "string"
                        }
                    },
                    "type": "object"
                },
                "milestone": {
                    "properties": {
                        "url": {
                            "type": "string"
                        },
                        "number": {
                            "type": "integer"
                        },
                        "state": {
                            "enum": [
                                "open",
                                "closed"
                            ]
                        },
                        "title": {
                            "type": "string"
                        },
                        "description": {
                            "type": "string"
                        },
                        "creator": {
                            "properties": {
                                "login": {
                                    "type": "string"
                                },
                                "id": {
                                    "type": "integer"
                                },
                                "avatar_url": {
                                    "type": "string"
                                },
                                "gravatar_id": {
                                    "type": "string"
                                },
                                "url": {
                                    "type": "string"
                                }
                            },
                            "type": "object"
                        },
                        "open_issues": {
                            "type": "integer"
                        },
                        "closed_issues": {
                            "type": "integer"
                        },
                        "created_at": {
                            "description": "ISO 8601 format: YYYY-MM-DDTHH:MM:SSZ",
                            "type": "string"
                        },
                        "due_on": {
                            "description": "ISO 8601 format: YYYY-MM-DDTHH:MM:SSZ",
                            "type": "string"
                        }
                    },
                    "type": "object"
                },
                "comments": {
                    "type": "integer"
                },
                "pull_request": {
                    "properties": {
                        "html_url": {
                            "type": "string"
                        },
                        "diff_url": {
                            "type": "string"
                        },
                        "patch_url": {
                            "type": "string"
                        }
                    },
                    "type": "object"
                },
                "closed_at": {
                    "description": "ISO 8601 format: YYYY-MM-DDTHH:MM:SSZ",
                    "type": "string"
                },
                "created_at": {
                    "description": "ISO 8601 format: YYYY-MM-DDTHH:MM:SSZ",
                    "type": "string"
                },
                "updated_at": {
                    "description": "ISO 8601 format: YYYY-MM-DDTHH:MM:SSZ",
                    "type": "string"
                }
            },
            "type": "object"
        }
    ]
}