{
    "$schema": "http://json-schema.org/draft-03/schema",
    "type": "object",
    "properties": {
        "login": {
            "type": "string"
        },
        "id": {
            "type": "integer"
        },
        "url": {
            "type": "string"
        },
        "avatar_url": {
            "type": "string"
        },
        "name": {
            "type": "string"
        },
        "company": {
            "type": "string"
        },
        "blog": {
            "type": "string"
        },
        "location": {
            "type": "string"
        },
        "email": {
            "type": "string"
        },
        "public_repos": {
            "type": "integer"
        },
        "public_gists": {
            "type": "integer"
        },
        "followers": {
            "type": "integer"
        },
        "following": {
            "type": "integer"
        },
        "html_url": {
            "type": "string"
        },
        "created_at": {
            "description": "ISO 8601 format: YYYY-MM-DDTHH:MM:SSZ",
            "type": "string"
        },
        "type": {
            "type": "string"
        }
    }
}