{
  "required" : true ,
  "$schema" : "http://json-schema.org/draft-03/schema" ,
  "type" : "object" ,
  "properties" : {
    "name" : {
      "type" : "string" ,
      "required" : false
    } ,
    "description" : {
      "type" : "string" ,
      "required" : false
    } ,
    "homepage" : {
      "type" : "string" ,
      "required" : false
    } ,
    "private" : {
      "type" : "boolean" ,
      "required" : false
    } ,
    "has_issues" : {
      "type" : "boolean" ,
      "required" : false
    } ,
    "has_wiki" : {
      "type" : "boolean" ,
      "required" : false
    } ,
    "has_downloads" : {
      "type" : "boolean" ,
      "required" : false
    }
  }
}