{
  "$schema": "http://json-schema.org/draft-03/schema",
  "required": false,
  "type": "object",
  "properties": {
    "total_count": {
      "required": false,
      "type": "integer"
    },
    "items": {
      "required": false,
      "type": "array",
      "items": {
        "required": false,
        "type": "object",
        "properties": {
          "assignee": {
            "required": false,
            "type": "null"
          },
          "body": {
            "required": false,
            "type": "string"
          },
          "closed_at": {
            "required": false,
            "type": "null"
          },
          "comments": {
            "required": false,
            "type": "integer"
          },
          "comments_url": {
            "required": false,
            "type": "string"
          },
          "created_at": {
            "required": false,
            "type": "string"
          },
          "events_url": {
            "required": false,
            "type": "string"
          },
          "html_url": {
            "required": false,
            "type": "string"
          },
          "id": {
            "required": false,
            "type": "integer"
          },
          "labels": {
            "required": false,
            "type": "array",
            "items": {
              "required": false,
              "type": "object",
              "properties": {
                "color": {
                  "required": false,
                  "type": "string"
                },
                "name": {
                  "required": false,
                  "type": "string"
                },
                "url": {
                  "required": false,
                  "type": "string"
                }
              }
            }
          },
          "labels_url": {
            "required": false,
            "type": "string"
          },
          "milestone": {
            "required": false,
            "type": "null"
          },
          "number": {
            "required": false,
            "type": "integer"
          },
          "pull_request": {
            "required": false,
            "type": "object",
            "properties": {
              "html_url": {
                "required": false,
                "type": "null"
              },
              "diff_url": {
                "required": false,
                "type": "null"
              },
              "patch_url": {
                "required": false,
                "type": "null"
              }
            }
          },
          "score": {
            "required": false,
            "type": "number"
          },
          "state": {
            "required": false,
            "type": "string"
          },
          "title": {
            "required": false,
            "type": "string"
          },
          "updated_at": {
            "required": false,
            "type": "string"
          },
          "url": {
            "required": false,
            "type": "string"
          },
          "user": {
            "required": false,
            "type": "object",
            "properties": {
              "login": {
                "required": false,
                "type": "string"
              },
              "id": {
                "required": false,
                "type": "integer"
              },
              "avatar_url": {
                "required": false,
                "type": "string"
              },
              "gravatar_id": {
                "required": false,
                "type": "string"
              },
              "url": {
                "required": false,
                "type": "string"
              },
              "html_url": {
                "required": false,
                "type": "string"
              },
              "followers_url": {
                "required": false,
                "type": "string"
              },
              "following_url": {
                "required": false,
                "type": "string"
              },
              "gists_url": {
                "required": false,
                "type": "string"
              },
              "starred_url": {
                "required": false,
                "type": "string"
              },
              "subscriptions_url": {
                "required": false,
                "type": "string"
              },
              "organizations_url": {
                "required": false,
                "type": "string"
              },
              "repos_url": {
                "required": false,
                "type": "string"
              },
              "events_url": {
                "required": false,
                "type": "string"
              },
              "received_events_url": {
                "required": false,
                "type": "string"
              },
              "type": {
                "required": false,
                "type": "string"
              }
            }
          }
        }
      }
    }
  }
}
