{
    "$schema": "http://json-schema.org/draft-03/schema",
    "type": "array",
    "list": [
        {
            "properties": {
                "login": {
                    "type": "string"
                },
                "id": {
                    "type": "integer"
                },
                "avatar_url": {
                    "type": "string"
                },
                "gravatar_id": {
                    "type": "string"
                },
                "url": {
                    "type": "string"
                }
            },
            "type": "object"
        }
    ]
}