{
  "type": "object",
  "$schema": "http://json-schema.org/draft-03/schema",
  "required": true,
  "properties": {
    "sha": {
	  "description": "SHA1 checksum ID of the object in the tree.",
	  "type": "string"
	},
	"url": {
	  "type": "string"
	},
    "base_tree": {
      "type": "string"
    },
    "tree": {
      "type": "array",
      "items": {
        "type": "object",
        "properties": {
          "path": {
            "type": "string"
          },
          "mode": {
            "description": "One of 100644 for file (blob), 100755 for executable (blob), 040000 for subdirectory (tree), 160000 for submodule (commit) or 120000 for a blob that specifies the path of a symlink.",
            "type": "string",
            "enum": [
              "100644",
              "100755",
              "040000",
              "160000",
              "120000"
            ]
          },
          "type": {
            "type": "string",
            "enum": [
              "blob",
              "tree",
              "commit"
            ]
          },
          "sha": {
            "description": "SHA1 checksum ID of the object in the tree.",
            "type": "string",
            "required": false
          },
          "url": {
            "type": "string",
            "required": false
          },
          "oneOf": {
            "type": "array",
            "items": {
              "sha": {
                "description": "SHA1 checksum ID of the object in the tree.",
                "type": "string"
              }
            }
          }
        }
      }
    }
  }
}