{
  "url": "https://api.github.com/repos/octocat/Hello-World/compare/master...topic",
  "html_url": "https://github.com/octocat/Hello-World/compare/master...topic",
  "permalink_url": "https://github.com/octocat/Hello-World/compare/octocat:bbcd538c8e72b8c175046e27cc8f907076331401...octocat:0328041d1152db8ae77652d1618a02e57f745f17",
  "diff_url": "https://github.com/octocat/Hello-World/compare/master...topic.diff",
  "patch_url": "https://github.com/octocat/Hello-World/compare/master...topic.patch",
  "base_commit": {
    "url": "https://api.github.com/repos/octocat/Hello-World/commits/6dcb09b5b57875f334f61aebed695e2e4193db5e",
    "sha": "6dcb09b5b57875f334f61aebed695e2e4193db5e",
    "commit": {
      "url": "https://api.github.com/repos/octocat/Hello-World/git/commits/6dcb09b5b57875f334f61aebed695e2e4193db5e",
      "author": {
        "name": "Monalisa Octocat",
        "email": "support@github.com",
        "date": "2011-04-14T16:00:49Z"
      },
      "committer": {
        "name": "Monalisa Octocat",
        "email": "support@github.com",
        "date": "2011-04-14T16:00:49Z"
      },
      "message": "Fix all the bugs",
      "tree": {
        "url": "https://api.github.com/repos/octocat/Hello-World/tree/6dcb09b5b57875f334f61aebed695e2e4193db5e",
        "sha": "6dcb09b5b57875f334f61aebed695e2e4193db5e"
      }
    },
    "author": {
      "login": "octocat",
      "id": 1,
      "avatar_url": "https://github.com/images/error/octocat_happy.gif",
      "gravatar_id": "somehexcode",
      "url": "https://api.github.com/users/octocat",
      "html_url": "https://github.com/octocat",
      "followers_url": "https://api.github.com/users/octocat/followers",
      "following_url": "https://api.github.com/users/octocat/following{/other_user}",
      "gists_url": "https://api.github.com/users/octocat/gists{/gist_id}",
      "starred_url": "https://api.github.com/users/octocat/starred{/owner}{/repo}",
      "subscriptions_url": "https://api.github.com/users/octocat/subscriptions",
      "organizations_url": "https://api.github.com/users/octocat/orgs",
      "repos_url": "https://api.github.com/users/octocat/repos",
      "events_url": "https://api.github.com/users/octocat/events{/privacy}",
      "received_events_url": "https://api.github.com/users/octocat/received_events",
      "type": "User",
      "site_admin": false
    },
    "committer": {
      "login": "octocat",
      "id": 1,
      "avatar_url": "https://github.com/images/error/octocat_happy.gif",
      "gravatar_id": "somehexcode",
      "url": "https://api.github.com/users/octocat",
      "html_url": "https://github.com/octocat",
      "followers_url": "https://api.github.com/users/octocat/followers",
      "following_url": "https://api.github.com/users/octocat/following{/other_user}",
      "gists_url": "https://api.github.com/users/octocat/gists{/gist_id}",
      "starred_url": "https://api.github.com/users/octocat/starred{/owner}{/repo}",
      "subscriptions_url": "https://api.github.com/users/octocat/subscriptions",
      "organizations_url": "https://api.github.com/users/octocat/orgs",
      "repos_url": "https://api.github.com/users/octocat/repos",
      "events_url": "https://api.github.com/users/octocat/events{/privacy}",
      "received_events_url": "https://api.github.com/users/octocat/received_events",
      "type": "User",
      "site_admin": false
    },
    "parents": [
      {
        "url": "https://api.github.com/repos/octocat/Hello-World/commits/6dcb09b5b57875f334f61aebed695e2e4193db5e",
        "sha": "6dcb09b5b57875f334f61aebed695e2e4193db5e"
      }
    ]
  },
  "status": "behind",
  "ahead_by": 1,
  "behind_by": 2,
  "total_commits": 1,
  "commits": [
    {
      "url": "https://api.github.com/repos/octocat/Hello-World/commits/6dcb09b5b57875f334f61aebed695e2e4193db5e",
      "sha": "6dcb09b5b57875f334f61aebed695e2e4193db5e",
      "commit": {
        "url": "https://api.github.com/repos/octocat/Hello-World/git/commits/6dcb09b5b57875f334f61aebed695e2e4193db5e",
        "author": {
          "name": "Monalisa Octocat",
          "email": "support@github.com",
          "date": "2011-04-14T16:00:49Z"
        },
        "committer": {
          "name": "Monalisa Octocat",
          "email": "support@github.com",
          "date": "2011-04-14T16:00:49Z"
        },
        "message": "Fix all the bugs",
        "tree": {
          "url": "https://api.github.com/repos/octocat/Hello-World/tree/6dcb09b5b57875f334f61aebed695e2e4193db5e",
          "sha": "6dcb09b5b57875f334f61aebed695e2e4193db5e"
        }
      },
      "author": {
        "login": "octocat",
        "id": 1,
        "avatar_url": "https://github.com/images/error/octocat_happy.gif",
        "gravatar_id": "somehexcode",
        "url": "https://api.github.com/users/octocat",
        "html_url": "https://github.com/octocat",
        "followers_url": "https://api.github.com/users/octocat/followers",
        "following_url": "https://api.github.com/users/octocat/following{/other_user}",
        "gists_url": "https://api.github.com/users/octocat/gists{/gist_id}",
        "starred_url": "https://api.github.com/users/octocat/starred{/owner}{/repo}",
        "subscriptions_url": "https://api.github.com/users/octocat/subscriptions",
        "organizations_url": "https://api.github.com/users/octocat/orgs",
        "repos_url": "https://api.github.com/users/octocat/repos",
        "events_url": "https://api.github.com/users/octocat/events{/privacy}",
        "received_events_url": "https://api.github.com/users/octocat/received_events",
        "type": "User",
        "site_admin": false
      },
      "committer": {
        "login": "octocat",
        "id": 1,
        "avatar_url": "https://github.com/images/error/octocat_happy.gif",
        "gravatar_id": "somehexcode",
        "url": "https://api.github.com/users/octocat",
        "html_url": "https://github.com/octocat",
        "followers_url": "https://api.github.com/users/octocat/followers",
        "following_url": "https://api.github.com/users/octocat/following{/other_user}",
        "gists_url": "https://api.github.com/users/octocat/gists{/gist_id}",
        "starred_url": "https://api.github.com/users/octocat/starred{/owner}{/repo}",
        "subscriptions_url": "https://api.github.com/users/octocat/subscriptions",
        "organizations_url": "https://api.github.com/users/octocat/orgs",
        "repos_url": "https://api.github.com/users/octocat/repos",
        "events_url": "https://api.github.com/users/octocat/events{/privacy}",
        "received_events_url": "https://api.github.com/users/octocat/received_events",
        "type": "User",
        "site_admin": false
      },
      "parents": [
        {
          "url": "https://api.github.com/repos/octocat/Hello-World/commits/6dcb09b5b57875f334f61aebed695e2e4193db5e",
          "sha": "6dcb09b5b57875f334f61aebed695e2e4193db5e"
        }
      ]
    }
  ],
  "files": [
    {
      "sha": "bbcd538c8e72b8c175046e27cc8f907076331401",
      "filename": "file1.txt",
      "status": "added",
      "additions": 103,
      "deletions": 21,
      "changes": 124,
      "blob_url": "https://github.com/octocat/Hello-World/blob/6dcb09b5b57875f334f61aebed695e2e4193db5e/file1.txt",
      "raw_url": "https://github.com/octocat/Hello-World/raw/6dcb09b5b57875f334f61aebed695e2e4193db5e/file1.txt",
      "contents_url": "https://api.github.com/repos/octocat/Hello-World/contents/file1.txt?ref=6dcb09b5b57875f334f61aebed695e2e4193db5e",
      "patch": "@@ -132,7 +132,7 @@ module Test @@ -1000,7 +1000,7 @@ module Test"
    }
  ]
}