{
  "type": "file",
  "encoding": "base64",
  "size": 5362,
  "name": "README.md",
  "path": "README.md",
  "content": "encoded content ...",
  "sha": "3d21ec53a331a6f037a91c368710b99387d012c1",
  "url": "https://api.github.com/repos/pengwynn/octokit/contents/README.md",
  "git_url": "https://api.github.com/repos/pengwynn/octokit/git/blobs/3d21ec53a331a6f037a91c368710b99387d012c1",
  "html_url": "https://github.com/pengwynn/octokit/blob/master/README.md",
  "_links": {
    "git": "https://api.github.com/repos/pengwynn/octokit/git/blobs/3d21ec53a331a6f037a91c368710b99387d012c1",
    "self": "https://api.github.com/repos/pengwynn/octokit/contents/README.md",
    "html": "https://github.com/pengwynn/octokit/blob/master/README.md"
  }
}