[
  {
    "type": "Event",
    "public": true,
    "payload": {

    },
    "repo": {
      "id": 3,
      "name": "octocat/Hello-World",
      "url": "https://api.github.com/repos/octocat/Hello-World"
    },
    "actor": {
      "login": "octocat",
      "id": 1,
      "avatar_url": "https://github.com/images/error/octocat_happy.gif",
      "gravatar_id": "somehexcode",
      "url": "https://api.github.com/users/octocat"
    },
    "org": {
      "login": "octocat",
      "id": 1,
      "avatar_url": "https://github.com/images/error/octocat_happy.gif",
      "gravatar_id": "somehexcode",
      "url": "https://api.github.com/users/octocat"
    },
    "created_at": "2011-09-06T17:26:27Z",
    "id": "12345"
  }
]