{
  "url": "https://api.github.com/gists/20c98223d9b59e1d48e5",
  "id": "1",
  "description": "description of gist",
  "public": true,
  "user": {
    "login": "octocat",
    "id": 1,
    "avatar_url": "https://github.com/images/error/octocat_happy.gif",
    "gravatar_id": "somehexcode",
    "url": "https://api.github.com/users/octocat"
  },
  "files": {
    "ring.erl": {
      "size": 932,
      "filename": "ring.erl",
      "raw_url": "https://gist.github.com/raw/365370/8c4d2d43d178df44f4c03a7f2ac0ff512853564e/ring.erl"
    }
  },
  "comments": 0,
  "comments_url": "https://api.github.com/gists/19d18b30e8af75090307/comments/",
  "html_url": "https://gist.github.com/1",
  "git_pull_url": "git://gist.github.com/1.git",
  "git_push_url": "git@gist.github.com:1.git",
  "created_at": "2010-04-14T02:15:15Z",
  "forks": [
    {
      "user": {
        "login": "octocat",
        "id": 1,
        "avatar_url": "https://github.com/images/error/octocat_happy.gif",
        "gravatar_id": "somehexcode",
        "url": "https://api.github.com/users/octocat"
      },
      "url": "https://api.github.com/gists/d39d0d37fb24f12e2045",
      "created_at": "2011-04-14T16:00:49Z"
    }
  ],
  "history": [
    {
      "url": "https://api.github.com/gists/3a8bdc16d2e39d809469",
      "version": "57a7f021a713b1c5a6a199b54cc514735d2d462f",
      "user": {
        "login": "octocat",
        "id": 1,
        "avatar_url": "https://github.com/images/error/octocat_happy.gif",
        "gravatar_id": "somehexcode",
        "url": "https://api.github.com/users/octocat"
      },
      "change_status": {
        "deletions": 0,
        "additions": 180,
        "total": 180
      },
      "committed_at": "2010-04-14T02:15:15Z"
    }
  ]
}