  {
    "url": "https://api.github.com/repos/octocat/Hello-World/issues/1347",
    "html_url": "https://github.com/octocat/Hello-World/issues/1347",
    "number": 1347,
    "state": "open",
    "title": "Found a bug",
    "body": "I'm having a problem with this.",
    "user": {
      "login": "octocat",
      "id": 1,
      "avatar_url": "https://github.com/images/error/octocat_happy.gif",
      "gravatar_id": "somehexcode",
      "url": "https://api.github.com/users/octocat"
    },
    "labels": [
      {
        "url": "https://api.github.com/repos/octocat/Hello-World/labels/bug",
        "name": "bug",
        "color": "f29513"
      }
    ],
    "assignee": {
      "login": "octocat",
      "id": 1,
      "avatar_url": "https://github.com/images/error/octocat_happy.gif",
      "gravatar_id": "somehexcode",
      "url": "https://api.github.com/users/octocat"
    },
    "milestone": {
      "url": "https://api.github.com/repos/octocat/Hello-World/milestones/1",
      "number": 1,
      "state": "open",
      "title": "v1.0",
      "description": "",
      "creator": {
        "login": "octocat",
        "id": 1,
        "avatar_url": "https://github.com/images/error/octocat_happy.gif",
        "gravatar_id": "somehexcode",
        "url": "https://api.github.com/users/octocat"
      },
      "open_issues": 4,
      "closed_issues": 8,
      "created_at": "2011-04-10T20:09:31Z",
      "due_on": null
    },
    "comments": 0,
    "pull_request": {
      "html_url": "https://github.com/octocat/Hello-World/issues/1347",
      "diff_url": "https://github.com/octocat/Hello-World/issues/1347.diff",
      "patch_url": "https://github.com/octocat/Hello-World/issues/1347.patch"
    },
    "closed_at": null,
    "created_at": "2011-04-22T13:33:48Z",
    "updated_at": "2011-04-22T13:33:48Z"
  }