[
  {
    "url": "https://api.github.com/repos/octocat/Hello-World/pulls/comments/1",
    "id": 1,
    "body": "Great stuff",
    "path": "file1.txt",
    "position": 4,
    "commit_id": "6dcb09b5b57875f334f61aebed695e2e4193db5e",
    "user": {
      "login": "octocat",
      "id": 1,
      "avatar_url": "https://github.com/images/error/octocat_happy.gif",
      "gravatar_id": "somehexcode",
      "url": "https://api.github.com/users/octocat"
    },
    "created_at": "2011-04-14T16:00:49Z",
    "updated_at": "2011-04-14T16:00:49Z",
    "_links": {
      "self": {
        "href": "https://api.github.com/octocat/Hello-World/pulls/comments/1"
      },
      "html": {
        "href": "https://github.com/octocat/Hello-World/pull/1#discussion-diff-1"
      },
      "pull_request": {
        "href": "https://api.github.com/octocat/Hello-World/pulls/1"
      }
    }
  }
]