[
  {
    "created_at": "2012-07-20T01:19:13Z",
    "updated_at": "2012-07-20T01:19:13Z",
    "state": "success",
    "target_url": "https://ci.example.com/1000/output",
    "description": "Build has completed successfully",
    "id": 1,
    "url": "https://api.github.com/repos/octocat/example/statuses/1",
    "creator": {
      "login": "octocat",
      "id": 1,
      "avatar_url": "https://github.com/images/error/octocat_happy.gif",
      "gravatar_id": "somehexcode",
      "url": "https://api.github.com/users/octocat"
    }
  }
]