[
  {
    "ref": "refs/heads/master",
    "url": "https://api.github.com/repos/octocat/Hello-World/git/refs/heads/master",
    "object": {
      "type": "commit",
      "sha": "aa218f56b14c9653891f9e74264a383fa43fefbd",
      "url": "https://api.github.com/repos/octocat/Hello-World/git/commits/aa218f56b14c9653891f9e74264a383fa43fefbd"
    }
  },
  {
    "ref": "refs/heads/gh-pages",
    "url": "https://api.github.com/repos/octocat/Hello-World/git/refs/heads/gh-pages",
    "object": {
      "type": "commit",
      "sha": "612077ae6dffb4d2fbd8ce0cccaa58893b07b5ac",
      "url": "https://api.github.com/repos/octocat/Hello-World/git/commits/612077ae6dffb4d2fbd8ce0cccaa58893b07b5ac"
    }
  },
  {
    "ref": "refs/tags/v0.0.1",
    "url": "https://api.github.com/repos/octocat/Hello-World/git/refs/tags/v0.0.1",
    "object": {
      "type": "tag",
      "sha": "940bd336248efae0f9ee5bc7b2d5c985887b16ac",
      "url": "https://api.github.com/repos/octocat/Hello-World/git/tags/940bd336248efae0f9ee5bc7b2d5c985887b16ac"
    }
  }
]