[
  {
    "state" : "success" ,
    "name" : "octocat/Hello-World" ,
    "sha" : "6dcb09b5b57875f334f61aebed695e2e4193db5e" ,
    "statuses" : [
      {
        "created_at" : "2012-07-20T01:19:13Z" ,
        "updated_at" : "2012-07-20T01:19:13Z" ,
        "state" : "success" ,
        "target_url" : "https://ci.example.com/1000/output" ,
        "description" : "Build has completed successfully" ,
        "id" : 1 ,
        "url" : "https://api.github.com/repos/octocat/example/statuses/1" ,
        "context" : "continuous-integration/jenkins"
      } , {
        "created_at" : "2012-07-20T01:19:13Z" ,
        "updated_at" : "2012-07-20T01:19:13Z" ,
        "state" : "success" ,
        "target_url" : "https://ci.example.com/1000/output" ,
        "description" : "Build has completed successfully" ,
        "id" : 1 ,
        "url" : "https://api.github.com/repos/octocat/example/statuses/1" ,
        "context" : "security/brakeman"
      }
    ] ,
    "commit_url" : "https://api.github.com/repos/octocat/Hello-World/6dcb09b5b57875f334f61aebed695e2e4193db5e" ,
    "repository_url" : "https://api.github.com/repos/octocat/Hello-World"
  }
]