{
  "total_count": 104,
  "items": [
    {
      "name": "github-issue-importer.gemspec",
      "path": "github-issue-importer.gemspec",
      "sha": "394508202991504d8a0771ae027454facaaa045a",
      "url": "https://api.github.com/repositories/1586630/contents/github-issue-importer.gemspec?ref=aa22a4be513163c73531e96bd99f4b49d6ded8a6",
      "git_url": "https://api.github.com/repositories/1586630/git/blobs/394508202991504d8a0771ae027454facaaa045a",
      "html_url": "https://github.com/johnf/github-issue-importer/blob/aa22a4be513163c73531e96bd99f4b49d6ded8a6/github-issue-importer.gemspec",
      "repository": {
        "id": 1586630,
        "name": "github-issue-importer",
        "full_name": "johnf/github-issue-importer",
        "owner": {
          "login": "johnf",
          "id": 42590,
          "avatar_url": "https://secure.gravatar.com/avatar/ab4d879ba3233a270aa14f447c795505?d=https://a248.e.akamai.net/assets.github.com%2Fimages%2Fgravatars%2Fgravatar-user-420.png",
          "gravatar_id": "ab4d879ba3233a270aa14f447c795505",
          "url": "https://api.github.com/users/johnf",
          "html_url": "https://github.com/johnf",
          "followers_url": "https://api.github.com/users/johnf/followers",
          "following_url": "https://api.github.com/users/johnf/following{/other_user}",
          "gists_url": "https://api.github.com/users/johnf/gists{/gist_id}",
          "starred_url": "https://api.github.com/users/johnf/starred{/owner}{/repo}",
          "subscriptions_url": "https://api.github.com/users/johnf/subscriptions",
          "organizations_url": "https://api.github.com/users/johnf/orgs",
          "repos_url": "https://api.github.com/users/johnf/repos",
          "events_url": "https://api.github.com/users/johnf/events{/privacy}",
          "received_events_url": "https://api.github.com/users/johnf/received_events",
          "type": "User"
        },
        "private": false,
        "html_url": "https://github.com/johnf/github-issue-importer",
        "description": "Import Issues from Launchpad (for now) into github",
        "fork": false,
        "url": "https://api.github.com/repos/johnf/github-issue-importer",
        "forks_url": "https://api.github.com/repos/johnf/github-issue-importer/forks",
        "keys_url": "https://api.github.com/repos/johnf/github-issue-importer/keys{/key_id}",
        "collaborators_url": "https://api.github.com/repos/johnf/github-issue-importer/collaborators{/collaborator}",
        "teams_url": "https://api.github.com/repos/johnf/github-issue-importer/teams",
        "hooks_url": "https://api.github.com/repos/johnf/github-issue-importer/hooks",
        "issue_events_url": "https://api.github.com/repos/johnf/github-issue-importer/issues/events{/number}",
        "events_url": "https://api.github.com/repos/johnf/github-issue-importer/events",
        "assignees_url": "https://api.github.com/repos/johnf/github-issue-importer/assignees{/user}",
        "branches_url": "https://api.github.com/repos/johnf/github-issue-importer/branches{/branch}",
        "tags_url": "https://api.github.com/repos/johnf/github-issue-importer/tags",
        "blobs_url": "https://api.github.com/repos/johnf/github-issue-importer/git/blobs{/sha}",
        "git_tags_url": "https://api.github.com/repos/johnf/github-issue-importer/git/tags{/sha}",
        "git_refs_url": "https://api.github.com/repos/johnf/github-issue-importer/git/refs{/sha}",
        "trees_url": "https://api.github.com/repos/johnf/github-issue-importer/git/trees{/sha}",
        "statuses_url": "https://api.github.com/repos/johnf/github-issue-importer/statuses/{sha}",
        "languages_url": "https://api.github.com/repos/johnf/github-issue-importer/languages",
        "stargazers_url": "https://api.github.com/repos/johnf/github-issue-importer/stargazers",
        "contributors_url": "https://api.github.com/repos/johnf/github-issue-importer/contributors",
        "subscribers_url": "https://api.github.com/repos/johnf/github-issue-importer/subscribers",
        "subscription_url": "https://api.github.com/repos/johnf/github-issue-importer/subscription",
        "commits_url": "https://api.github.com/repos/johnf/github-issue-importer/commits{/sha}",
        "git_commits_url": "https://api.github.com/repos/johnf/github-issue-importer/git/commits{/sha}",
        "comments_url": "https://api.github.com/repos/johnf/github-issue-importer/comments{/number}",
        "issue_comment_url": "https://api.github.com/repos/johnf/github-issue-importer/issues/comments/{number}",
        "contents_url": "https://api.github.com/repos/johnf/github-issue-importer/contents/{+path}",
        "compare_url": "https://api.github.com/repos/johnf/github-issue-importer/compare/{base}...{head}",
        "merges_url": "https://api.github.com/repos/johnf/github-issue-importer/merges",
        "archive_url": "https://api.github.com/repos/johnf/github-issue-importer/{archive_format}{/ref}",
        "downloads_url": "https://api.github.com/repos/johnf/github-issue-importer/downloads",
        "issues_url": "https://api.github.com/repos/johnf/github-issue-importer/issues{/number}",
        "pulls_url": "https://api.github.com/repos/johnf/github-issue-importer/pulls{/number}",
        "milestones_url": "https://api.github.com/repos/johnf/github-issue-importer/milestones{/number}",
        "notifications_url": "https://api.github.com/repos/johnf/github-issue-importer/notifications{?since,all,participating}",
        "labels_url": "https://api.github.com/repos/johnf/github-issue-importer/labels{/name}"
      },
      "score": 0.96691436
    }
  ]
}